2015-06-11,http://www.reddit.com/r/EllenPao/comments/39dueo/rellenpao_is_now_a_safe_space/,0,EllenPao,/r/EllenPao/comments/39dueo/rellenpao_is_now_a_safe_space/,0
2015-07-17,http://www.washingtonpost.com/opinions/we-cannot-let-the-internet-trolls-win/2015/07/16/91b1a2d2-2b17-11e5-bd33-395c05608059_story.html,0,EllenPao,/r/EllenPao/comments/3dkx23/former_reddit_ceo_ellen_pao_the_trolls_are/,4
2015-07-17,https://twitter.com/ekp?lang=en,0,EllenPao,/r/EllenPao/comments/3dldph/ellen_pao_is_on_twitter/,1
2015-07-16,https://www.reddit.com/r/CasualConversation/comments/3d6pyi/i_just_noticed_ellen_pao_is_a_moderator_on_this/,0,EllenPao,/r/EllenPao/comments/3dh1gj/ellen_pao_shows_up_on_a_rcasualconversation/,3
2015-07-16,http://www.digitaltrends.com/web/petition-ellen-pao-return-as-reddit-ceo/,0,EllenPao,/r/EllenPao/comments/3dggh0/there_is_now_a_petition_to_bring_back_ellen_pao/,2
2015-07-10,https://www.reddit.com/r/announcements/comments/3cucye/an_old_team_at_reddit/,0,EllenPao,/r/EllenPao/comments/3cudnh/ellen_pao_has_resigned/,36
2015-07-10,http://www.reddit.com/r/EllenPao/comments/3cufwm/is_it_wrong_if_i_have_naughty_thoughts_for_ellen/,0,EllenPao,/r/EllenPao/comments/3cufwm/is_it_wrong_if_i_have_naughty_thoughts_for_ellen/,9
2015-07-09,http://www.reddit.com/r/EllenPao/comments/3cp7yc/i_got_the_paower/,0,EllenPao,/r/EllenPao/comments/3cp7yc/i_got_the_paower/,1
2015-07-06,https://twitter.com/ekp/status/609142482744389632,0,EllenPao,/r/EllenPao/comments/3c9mux/say_what_you_will_about_paosempai_but_she_is/,0
2015-07-06,https://www.change.org/p/reddit-carry-on-as-ceo-of-reddit-inc?recruiter=336551859&amp;utm_source=share_petition&amp;utm_medium=copylink,0,EllenPao,/r/EllenPao/comments/3c91ae/sign_to_show_your_love/,0
2015-07-05,http://www.reddit.com/r/EllenPao/comments/3c7or5/i_support_ellen_pao/,0,EllenPao,/r/EllenPao/comments/3c7or5/i_support_ellen_pao/,0
2015-07-05,https://www.change.org/p/reddit-carry-on-as-ceo-of-reddit-inc,0,EllenPao,/r/EllenPao/comments/3c6vt3/sign_the_petition_to_show_some_love_and_support/,0
2015-07-05,http://www.reddit.com/r/EllenPao/comments/3c5iav/are_there_any_other_subreddits_supportive_of_pao/,0,EllenPao,/r/EllenPao/comments/3c5iav/are_there_any_other_subreddits_supportive_of_pao/,0
2015-07-05,https://fortunedotcom.files.wordpress.com/2015/04/ellen-pao.jpg?quality=80&amp;w=840&amp;h=485&amp;crop=1,0,EllenPao,/r/EllenPao/comments/3c5xdl/ellen_pao_americas_most_beautiful_asian_female/,0
2015-07-03,http://www.reddit.com/r/EllenPao/comments/3c0lsv/ellen_pao_is_the_hero_reddit_needs_not_the_hero/,0,EllenPao,/r/EllenPao/comments/3c0lsv/ellen_pao_is_the_hero_reddit_needs_not_the_hero/,0
2015-06-18,http://www.siliconvalley.com/ci_28332553/judge-rules-ellen-pao-must-pay-276-000,0,EllenPao,/r/EllenPao/comments/3a8p2h/judge_rules_ellen_pao_must_pay_276000_to_kleiner/,46
2015-06-11,http://www.reddit.com/r/EllenPao/comments/39hjfj/serious_can_someone_please_explain_this_ellen_pao/,0,EllenPao,/r/EllenPao/comments/39hjfj/serious_can_someone_please_explain_this_ellen_pao/,12
2015-06-10,https://i.imgur.com/foATDvf.jpg,0,EllenPao,/r/EllenPao/comments/39cku8/is_this_negative/,85
2015-06-11,http://www.reddit.com/r/EllenPao/comments/39hxju/thank_you_ellen_pao_for_making_reddit_so_great/,0,EllenPao,/r/EllenPao/comments/39hxju/thank_you_ellen_pao_for_making_reddit_so_great/,0
2015-06-11,http://www.reddit.com/r/EllenPao/comments/39i1tc/ellen_pao_is_kinda_cute/,0,EllenPao,/r/EllenPao/comments/39i1tc/ellen_pao_is_kinda_cute/,0
2015-06-03,http://www.foxnews.com/us/2015/06/02/reddit-executive-to-appeal-verdict-in-silicon-valley-sex-discrimination-suit/,0,EllenPao,/r/EllenPao/comments/38ehel/will_ellen_pao_win_her_appeal/,0
2015-06-02,http://recode.net/2015/05/27/ellen-pao-speaks-at-code-liveblog/,0,EllenPao,/r/EllenPao/comments/389tu2/ellen_pao_isnt_as_complicated_as_you_think/,4
2015-05-26,http://imgur.com/jRcb6eL.jpg,0,EllenPao,/r/EllenPao/comments/37azyu/for_the_safety_of_my_reddit/,42
2015-05-22,http://www.reddit.com/r/EllenPao/comments/36wyj3/rellenpao_what_do_you_want_from_this_subreddit/,0,EllenPao,/r/EllenPao/comments/36wyj3/rellenpao_what_do_you_want_from_this_subreddit/,5
2015-05-22,http://i.imgur.com/KJM2vqc.jpg,0,EllenPao,/r/EllenPao/comments/36u1t0/fan_art_chairman_pao/,54
2015-05-20,http://www.reddit.com/r/EllenPao/comments/36mwtu/who_elln_pao/,0,EllenPao,/r/EllenPao/comments/36mwtu/who_elln_pao/,0
